{"id":"5e598933-e186-4616-92e0-6a54c58fb56e","revision":0,"last_node_id":7,"last_link_id":9,"nodes":[{"id":2,"type":"KSamplerAdvanced","pos":[648.1954956054688,522.4580688476562],"size":[418.1999816894531,334],"flags":{},"order":4,"mode":0,"inputs":[{"localized_name":"model","name":"model","type":"MODEL","link":1},{"localized_name":"positive","name":"positive","type":"CONDITIONING","link":3},{"localized_name":"negative","name":"negative","type":"CONDITIONING","link":5},{"localized_name":"latent_image","name":"latent_image","type":"LATENT","link":7},{"localized_name":"add_noise","name":"add_noise","type":"COMBO","widget":{"name":"add_noise"},"link":null},{"localized_name":"noise_seed","name":"noise_seed","type":"INT","widget":{"name":"noise_seed"},"link":null},{"localized_name":"steps","name":"steps","type":"INT","widget":{"name":"steps"},"link":null},{"localized_name":"cfg","name":"cfg","type":"FLOAT","widget":{"name":"cfg"},"link":null},{"localized_name":"sampler_name","name":"sampler_name","type":"COMBO","widget":{"name":"sampler_name"},"link":null},{"localized_name":"scheduler","name":"scheduler","type":"COMBO","widget":{"name":"scheduler"},"link":null},{"localized_name":"start_at_step","name":"start_at_step","type":"INT","widget":{"name":"start_at_step"},"link":null},{"localized_name":"end_at_step","name":"end_at_step","type":"INT","widget":{"name":"end_at_step"},"link":null},{"localized_name":"return_with_leftover_noise","name":"return_with_leftover_noise","type":"COMBO","widget":{"name":"return_with_leftover_noise"},"link":null}],"outputs":[{"localized_name":"LATENT","name":"LATENT","type":"LATENT","links":[2]}],"properties":{"cnr_id":"comfy-core","ver":"0.3.29","Node name for S&R":"KSamplerAdvanced"},"widgets_values":["enable",79552110761361,"randomize",20,8,"euler","normal",0,10000,"disable"]},{"id":6,"type":"EmptyLatentImage","pos":[254.125732421875,1073.1663818359375],"size":[315,106],"flags":{},"order":0,"mode":0,"inputs":[{"localized_name":"width","name":"width","type":"INT","widget":{"name":"width"},"link":null},{"localized_name":"height","name":"height","type":"INT","widget":{"name":"height"},"link":null},{"localized_name":"batch_size","name":"batch_size","type":"INT","widget":{"name":"batch_size"},"link":null}],"outputs":[{"localized_name":"LATENT","name":"LATENT","type":"LATENT","links":[7]}],"properties":{"cnr_id":"comfy-core","ver":"0.3.29","Node name for S&R":"EmptyLatentImage"},"widgets_values":[512,512,1]},{"id":1,"type":"CheckpointLoaderSimple","pos":[224.08836364746094,443.1070861816406],"size":[315,98],"flags":{},"order":1,"mode":0,"inputs":[{"localized_name":"ckpt_name","name":"ckpt_name","type":"COMBO","widget":{"name":"ckpt_name"},"link":null}],"outputs":[{"localized_name":"MODEL","name":"MODEL","type":"MODEL","links":[1]},{"localized_name":"CLIP","name":"CLIP","type":"CLIP","links":[4,6]},{"localized_name":"VAE","name":"VAE","type":"VAE","links":[8]}],"properties":{"cnr_id":"comfy-core","ver":"0.3.29","Node name for S&R":"CheckpointLoaderSimple"},"widgets_values":["Illustrious-XL-v0.1 (1).safetensors"],"color":"#323","bgcolor":"#535"},{"id":3,"type":"VAEDecodeTiled","pos":[1116.8988037109375,602.9520874023438],"size":[315,150],"flags":{},"order":5,"mode":0,"inputs":[{"localized_name":"samples","name":"samples","type":"LATENT","link":2},{"localized_name":"vae","name":"vae","type":"VAE","link":8},{"localized_name":"tile_size","name":"tile_size","type":"INT","widget":{"name":"tile_size"},"link":null},{"localized_name":"overlap","name":"overlap","type":"INT","widget":{"name":"overlap"},"link":null},{"localized_name":"temporal_size","name":"temporal_size","type":"INT","widget":{"name":"temporal_size"},"link":null},{"localized_name":"temporal_overlap","name":"temporal_overlap","type":"INT","widget":{"name":"temporal_overlap"},"link":null}],"outputs":[{"localized_name":"IMAGE","name":"IMAGE","type":"IMAGE","links":[9]}],"properties":{"cnr_id":"comfy-core","ver":"0.3.29","Node name for S&R":"VAEDecodeTiled"},"widgets_values":[512,64,64,8]},{"id":7,"type":"PreviewImage","pos":[1436.4451904296875,924.552001953125],"size":[210,246],"flags":{},"order":6,"mode":0,"inputs":[{"localized_name":"images","name":"images","type":"IMAGE","link":9}],"outputs":[],"properties":{"cnr_id":"comfy-core","ver":"0.3.29","Node name for S&R":"PreviewImage"},"widgets_values":[]},{"id":4,"type":"CLIPTextEncode","pos":[206.6604461669922,726.9478759765625],"size":[400,200],"flags":{},"order":2,"mode":0,"inputs":[{"localized_name":"clip","name":"clip","type":"CLIP","link":4},{"localized_name":"text","name":"text","type":"STRING","widget":{"name":"text"},"link":null}],"outputs":[{"localized_name":"CONDITIONING","name":"CONDITIONING","type":"CONDITIONING","links":[3]}],"properties":{"cnr_id":"comfy-core","ver":"0.3.29","Node name for S&R":"CLIPTextEncode"},"widgets_values":["an ancient lighthouse engulfed in golden flames, the structure cracking and collapsing, a glowing golden flame rising upward from the top like a soul escaping, magical energy swirling around it, the ground splitting below, embers floating into the sky, dramatic fantasy atmosphere, cinematic painterly art, wide shot, high detail, golden hour lighting\n"],"color":"#232","bgcolor":"#353"},{"id":5,"type":"CLIPTextEncode","pos":[637.5873413085938,898.8915405273438],"size":[400,200],"flags":{},"order":3,"mode":0,"inputs":[{"localized_name":"clip","name":"clip","type":"CLIP","link":6},{"localized_name":"text","name":"text","type":"STRING","widget":{"name":"text"},"link":null}],"outputs":[{"localized_name":"CONDITIONING","name":"CONDITIONING","type":"CONDITIONING","links":[5]}],"properties":{"cnr_id":"comfy-core","ver":"0.3.29","Node name for S&R":"CLIPTextEncode"},"widgets_values":["people, modern objects, text, overexposure, blurry, cartoon, extra limbs, low quality\n"],"color":"#322","bgcolor":"#533"}],"links":[[1,1,0,2,0,"MODEL"],[2,2,0,3,0,"LATENT"],[3,4,0,2,1,"CONDITIONING"],[4,1,1,4,0,"CLIP"],[5,5,0,2,2,"CONDITIONING"],[6,1,1,5,0,"CLIP"],[7,6,0,2,3,"LATENT"],[8,1,2,3,1,"VAE"],[9,3,0,7,0,"IMAGE"]],"groups":[],"config":{},"extra":{"ds":{"scale":0.6115909044841495,"offset":[280.7979106146844,-145.9083586845024]},"frontendVersion":"1.17.11"},"version":0.4}